"Name","Team","G","PA","AB","H","2B","3B","HR","R","RBI","BB","SO","HBP","SB","CS","AVG","OBP","SLG","OPS","wOBA","Fld","BsR","WAR","playerid"
"Miguel Cabrera","Tigers","131","566","493","151","30","1","24","71","88","66","93","3","2","1",".306",".389",".517",".906",".383","2.0","-0.3","4.1","1744"
"Josh Donaldson","Blue Jays","148","650","573","159","35","3","32","90","105","64","125","6","6","1",".277",".353",".517",".869",".371","8.0","0.5","6.3","5038"
"Manny Machado","Orioles","137","601","535","154","26","1","28","80","72","57","95","4","16","5",".288",".359",".497",".856",".368","11.0","0.9","6.0","11493"
"Kris Bryant","Cubs","152","658","563","148","28","5","29","94","106","80","199","10","14","4",".263",".362",".485",".847",".365","2.0","0.9","5.3","15429"
"Nolan Arenado","Rockies","147","612","568","163","40","4","30","70","87","31","88","4","2","3",".287",".324",".530",".854",".358","10.0","-1.0","4.0","9777"
"Justin Turner","Dodgers","112","345","309","91","22","1","9","40","44","25","57","7","4","1",".294",".358",".460",".817",".354","1.0","0.2","2.6","5235"
"Matt Carpenter","Cardinals","145","628","541","147","36","4","16","93","71","73","118","7","4","3",".272",".362",".442",".804",".349","-5.0","-0.7","3.5","8090"
"Mark Reynolds","Rockies","128","431","378","90","17","1","25","47","61","46","117","4","3","2",".238",".325",".487",".812",".347","0.0","-0.4","0.7","7619"
"Adrian Beltre","Rangers","129","547","498","144","27","3","16","66","70","40","64","3","1","0",".289",".342",".452",".794",".339","6.0","-0.1","3.3","639"
"Anthony Rendon","Nationals","120","512","452","122","27","3","13","67","52","49","94","5","6","2",".270",".344",".429",".774",".337","4.0","0.2","3.1","12861"
"Maikel Franco","Phillies","133","560","522","141","34","4","21","73","84","31","92","3","2","0",".270",".313",".471",".784",".335","-8.0","0.2","2.0","12179"
"Kyle Seager","Mariners","156","660","596","156","32","2","24","82","83","54","111","6","8","5",".262",".327",".443",".770",".332","1.0","-0.7","3.7","9785"
"Todd Frazier","White Sox","150","624","564","144","30","2","25","78","80","46","132","8","12","7",".255",".318",".449",".766",".330","4.0","-0.6","3.3","785"
"Luis Valbuena","Astros","128","473","412","98","21","1","18","57","54","54","101","4","1","2",".238",".330",".425",".755",".329","-2.0","-0.8","2.0","4969"
"Ryan Zimmerman","Nationals","103","426","382","98","23","1","15","49","69","37","86","1","2","0",".257",".319",".440",".759",".327","0.0","0.2","0.9","4220"
"Pedro Alvarez"," ","136","490","438","104","18","1","25","57","77","47","136","2","4","1",".237",".312",".454",".767",".326","-6.0","0.2","0.6","2495"
"Evan Longoria","Rays","148","628","562","146","29","2","22","75","77","52","129","6","3","1",".260",".325",".436",".761",".324","2.0","-0.1","3.3","9368"
"Jung-ho Kang","Pirates","123","497","447","113","25","2","15","61","62","35","136","13","5","3",".253",".324",".418",".742",".324","-3.0","-0.4","2.3","17182"
"David Wright","Mets","107","474","421","112","21","2","10","56","54","49","93","2","7","3",".266",".344",".397",".741",".324","0.0","0.0","2.3","3787"
"Trevor Plouffe","Twins","137","569","515","130","30","3","18","64","75","45","111","4","2","1",".252",".315",".427",".742",".322","-2.0","-0.2","2.1","7462"
"Josh Harrison","Pirates","132","480","447","126","29","4","8","63","42","20","72","7","14","7",".282",".321",".418",".740",".321","1.0","-0.2","2.2","8202"
"Nick Castellanos","Tigers","155","614","565","150","34","5","16","52","75","41","140","2","1","2",".265",".314",".428",".743",".320","-10.0","-0.9","1.3","11737"
"Mike Moustakas","Royals","146","577","524","134","30","1","19","58","66","38","87","8","2","2",".256",".313",".426",".739",".320","3.0","-0.6","2.5","4892"
"Chase Headley","Yankees","141","581","517","130","26","1","16","68","65","53","132","8","4","3",".251",".329",".398",".727",".319","2.0","-0.7","2.4","4720"
"Danny Valencia","Athletics","106","384","358","94","22","2","12","44","53","22","78","1","2","2",".263",".305",".436",".740",".318","-3.0","-0.5","1.3","6364"
"Matt Duffy","Giants","147","573","528","145","25","5","11","67","64","34","105","5","13","2",".275",".322",".403",".726",".316","7.0","1.5","3.4","13836"
"Yasmany Tomas","Diamondbacks","130","492","469","124","23","3","17","52","59","20","112","2","5","3",".264",".297",".435",".732",".316","-8.0","-0.4","-0.2","17171"
"Juan Uribe","Indians","104","365","341","91","17","0","11","37","45","22","74","1","1","0",".267",".312",".413",".726",".314","6.0","0.0","2.0","454"
"Cody Asche","Phillies","144","545","504","131","28","3","15","60","62","35","126","3","4","2",".260",".311",".417",".727",".313","-8.0","-0.2","0.0","11997"
"Hector Olivera","Braves","95","375","335","86","12","2","9","41","34","33","48","4","0","0",".257",".329",".385",".714",".312","-2.0","-0.2","0.4","17528"
"Martin Prado","Marlins","137","578","532","149","26","3","9","58","61","35","64","4","3","2",".280",".326",".391",".717",".312","4.0","-0.5","2.2","3312"
"Pablo Sandoval","Red Sox","135","547","504","134","28","2","13","53","66","33","76","5","0","0",".266",".314",".407",".721",".312","-6.0","-0.2","0.9","5409"
"Brett Lawrie","White Sox","125","509","466","119","21","2","15","55","53","32","111","6","5","2",".255",".310",".406",".715",".311","-1.0","0.0","1.5","5247"
"Eric Campbell","Mets","113","385","334","81","17","1","7","47","39","41","74","6","7","3",".243",".333",".362",".696",".310","-5.0","0.0","0.9","6938"
"Lonnie Chisenhall","Indians","135","496","456","119","28","1","12","54","59","30","100","4","4","1",".261",".310",".406",".716",".310","-4.0","0.2","1.2","7571"
"Brock Holt","Red Sox","132","540","488","135","25","5","3","59","44","40","98","3","11","3",".277",".333",".367",".700",".308","-5.0","0.7","0.9","9345"
"Joey Gallo","Rangers","128","529","470","98","18","2","27","64","69","55","219","1","6","1",".209",".291",".428",".719",".308","-4.0","0.6","0.9","14128"
"David Freese"," ","127","487","438","109","22","1","11","50","54","37","109","9","1","2",".249",".318",".379",".697",".308","-4.0","-0.8","1.3","9549"
"Cory Spangenberg","Padres","119","429","388","101","18","9","6","49","35","28","96","2","13","6",".260",".312",".399",".711",".308","0.0","0.1","1.5","12294"
"Jake Lamb","Diamondbacks","109","436","392","97","21","4","9","45","44","37","118","3","3","1",".247",".314",".390",".705",".307","4.0","0.0","1.4","13329"
"Yangervis Solarte","Padres","141","564","516","135","28","2","11","61","56","37","61","4","1","0",".262",".313",".388",".701",".306","-2.0","-0.1","1.6","5352"
"Yunel Escobar","Angels","135","544","494","133","20","1","7","53","47","40","67","5","2","2",".269",".329",".356",".685",".304","-4.0","-0.7","1.3","4191"
"Kelly Johnson","Braves","110","344","311","72","11","2","12","37","40","29","88","2","4","2",".232",".299",".395",".695",".303","-6.0","-0.1","0.2","2234"
"Alex Guerrero","Dodgers","114","390","361","89","15","2","12","45","53","21","68","5","2","2",".247",".296",".399",".695",".303","-6.0","-0.6","0.4","15670"
"Matt Duffy","Astros","134","564","516","125","23","2","16","67","66","29","130","13","2","2",".242",".297",".388",".684",".299","5.0","-0.6","1.8","12181"
"Zach Lutz"," ","68","272","243","58","11","2","6","31","25","22","67","3","1","1",".239",".306",".374",".681",".299","-4.0","-0.3","0.1","3735"
"Cheslor Cuthbert","Royals","130","524","487","124","25","2","11","54","53","33","87","1","6","3",".255",".302",".382",".684",".298","-2.0","-0.2","0.9","10473"
"Andres Blanco","Phillies","96","284","258","64","15","2","5","29","22","18","50","3","2","3",".248",".304",".380",".683",".298","-5.0","-0.9","0.1","1907"
"Garin Cecchini","Brewers","124","508","461","114","21","2","9","50","43","39","120","5","12","3",".247",".312",".360",".672",".297","0.0","1.0","0.8","11608"
"Donnie Murphy","Rangers","77","255","231","53","10","1","8","28","30","17","65","5","1","1",".229",".294",".385",".679",".296","-2.0","-0.3","0.1","4704"
"Casey McGehee","Marlins","123","429","387","98","19","0","6","37","46","38","81","1","1","2",".253",".319",".349",".668",".296","-2.0","-0.8","0.5","6086"
"Chris Johnson","Marlins","121","443","420","114","21","1","7","35","42","18","104","2","3","1",".271",".303",".376",".679",".295","-7.0","0.0","0.0","1191"
"Aramis Ramirez","Pirates","123","470","436","109","23","1","11","38","62","23","63","7","2","0",".250",".296",".383",".679",".295","-4.0","0.2","0.6","1002"
"Conor Gillaspie","Angels","109","395","365","92","20","4","6","36","41","25","64","2","0","2",".252",".301",".378",".679",".294","-8.0","-1.0","0.0","9009"
"Brandon Drury","Diamondbacks","152","646","606","154","37","2","12","64","68","29","111","6","4","6",".254",".293",".381",".674",".293","5.0","-1.8","1.0","11615"
"Will Middlebrooks","Brewers","116","437","410","97","15","2","17","44","56","21","109","2","3","2",".237",".275",".407",".682",".293","-1.0","-0.4","0.4","7002"
"Josh Satin","Mets","100","383","335","76","16","1","7","41","34","42","93","2","1","2",".227",".314",".343",".657",".293","-2.0","-0.8","-0.7","6788"
"Richie Shaffer","Rays","121","491","444","94","22","1","18","56","55","37","162","5","3","1",".212",".278",".387",".665",".289","-1.0","0.0","0.8","13271"
"Rafael Ynoa","Rockies","128","464","432","114","23","3","3","44","36","26","80","1","8","5",".264",".307",".352",".658",".289","1.0","-0.6","-0.4","2832"
"Scott Sizemore","Yankees","78","299","268","62","13","2","5","33","29","25","75","2","2","1",".231",".300",".351",".650",".288","-2.0","-0.1","0.1","2881"
"Ronald Torreyes","Yankees","132","523","485","130","20","4","4","54","42","20","42","5","6","6",".268",".302",".351",".653",".286","2.0","-1.4","1.0","11400"
"David Adams"," ","106","419","380","91","15","2","7","42","42","30","79","5","1","1",".239",".302",".345",".647",".286","-2.0","-0.4","0.2","7389"
"Matt Dominguez","Blue Jays","142","559","521","126","26","1","15","56","70","24","98","6","0","1",".242",".280",".382",".662",".286","4.0","-0.6","0.9","4903"
"Alberto Callaspo"," ","111","369","330","81","13","0","5","33","34","34","41","0","0","1",".245",".313",".330",".643",".286","-4.0","-0.6","0.0","3336"
"Giovanny Urshela","Indians","122","472","445","110","22","3","9","49","47","21","80","3","1","2",".247",".285",".371",".656",".285","2.0","-0.8","0.7","10681"
"Adonis Garcia","Braves","101","402","384","97","19","2","9","43","40","13","65","2","4","2",".253",".279",".383",".661",".285","-4.0","-0.1","0.0","13777"
"Mike Olt","White Sox","104","386","346","69","14","0","15","41","41","34","140","3","1","1",".199",".275",".370",".645",".283","-1.0","-0.3","0.2","10698"
"Gordon Beckham","Braves","118","395","362","87","20","0","7","44","33","23","61","4","3","1",".240",".290",".354",".644",".282","2.0","0.0","0.5","9015"
"Matt Davidson","White Sox","138","580","521","106","20","1","21","63","61","47","210","7","1","1",".203",".276",".367",".643",".281","-3.0","-0.4","0.0","7226"
"Steve Tolleson","Blue Jays","76","227","203","48","9","1","3","24","17","17","51","2","5","2",".236",".299",".335",".634",".281","0.0","0.1","0.1","4450"
"Daniel Muno","Mets","106","407","356","78","13","2","6","47","33","41","93","4","7","5",".219",".305",".317",".623",".281","1.0","-0.8","0.5","12214"
"Tyler Saladino","White Sox","113","463","418","97","13","4","9","54","41","32","98","4","20","4",".232",".290",".347",".637",".280","9.0","2.2","1.4","10807"
"Hernan Perez","Brewers","134","458","435","113","21","4","5","40","37","15","74","1","13","4",".260",".285",".361",".646",".280","4.0","0.8","0.5","5751"
"Luis Jimenez","Red Sox","109","428","407","99","22","3","9","42","43","12","87","4","7","3",".243",".269",".378",".648",".279","-1.0","0.1","-0.1","6341"
"Max Muncy","Athletics","119","473","420","91","21","2","8","48","41","46","116","2","2","2",".217",".294",".333",".627",".278","1.0","-0.6","-0.6","13301"
"Don Kelly","Marlins","59","131","115","26","4","1","1","14","9","13","20","1","2","1",".226",".308",".304",".612",".277","-2.0","-0.1","-0.2","2216"
"Brent Morel","Pirates","113","443","411","95","23","2","8","44","46","25","106","3","7","3",".231",".278",".355",".634",".276","1.0","0.0","0.4","6402"
"Maicer Izturis","Blue Jays","35","124","114","29","4","0","1","11","9","8","12","0","2","1",".254",".301",".316",".617",".274","-3.0","-0.1","-0.3","2437"
"Mike Aviles","Tigers","104","347","321","80","13","0","6","40","31","15","41","1","7","3",".249",".282",".346",".627",".274","1.0","0.1","0.1","5986"
"Ramiro Pena","Braves","89","295","269","67","12","1","3","28","22","17","44","1","1","2",".249",".293",".335",".628",".274","-3.0","-0.7","0.1","8841"
"Brandon Snyder"," ","74","276","254","53","13","1","7","27","24","18","103","3","1","0",".209",".268",".350",".619",".272","1.0","0.1","-0.5","9856"
"Ian Stewart","Angels","55","200","178","33","7","2","6","20","19","18","71","3","1","0",".185",".270",".348",".618",".272","-1.0","0.1","-0.2","5950"
"Joaquin Arias","Giants","85","192","183","47","9","1","2","17","18","5","28","1","1","0",".257",".279",".350",".629",".272","0.0","0.1","0.0","3817"
"Carlos Rivero","Red Sox","118","466","436","105","18","1","8","42","40","23","111","2","2","2",".241",".280",".342",".621",".272","1.0","-0.6","-0.3","1136"
"Kyle Kubitza","Angels","133","541","483","99","26","5","8","56","46","50","186","4","7","5",".205",".283",".329",".613",".271","-1.0","-0.8","0.1","12148"
"Deven Marrero","Red Sox","116","471","433","102","19","1","6","46","36","30","112","2","14","6",".236",".286",".326",".612",".271","5.0","0.2","0.6","13325"
"Charlie Culberson","Rockies","74","248","234","53","11","3","6","22","27","8","63","2","5","3",".226",".256",".376",".632",".271","2.0","-0.3","0.2","3298"
"Elian Herrera","Brewers","120","430","398","95","19","3","4","43","35","24","92","2","7","2",".239",".284",".332",".616",".270","-2.0","0.4","-0.1","5432"
"Reid Brignac","Marlins","96","339","303","67","14","1","4","31","26","28","76","2","2","1",".221",".290",".314",".603",".269","2.0","-0.1","0.1","8380"
"Taylor Featherston","Angels","119","399","368","81","17","3","8","42","32","20","109","5","8","4",".220",".268",".348",".616",".268","4.0","-0.1","0.2","12590"
"Pedro Ciriaco","Braves","104","294","281","71","12","2","3","28","25","6","56","2","10","3",".253",".271",".342",".613",".265","1.0","0.7","-0.2","5278"
"Andrew Romine","Tigers","109","309","283","68","8","1","3","33","21","18","62","2","10","5",".240",".289",".307",".597",".265","1.0","-0.1","0.1","1159"
"Jeff Bianchi","Red Sox","70","221","206","50","9","1","1","19","18","12","40","0","4","2",".243",".283",".311",".594",".263","0.0","-0.1","-0.3","9958"
"Kristopher Negron","Reds","107","356","323","69","12","2","6","33","28","20","95","6","8","2",".214",".271",".319",".590",".262","0.0","0.7","0.0","5306"
"Alberto Gonzalez"," ","57","206","195","47","8","1","2","18","17","7","28","1","1","1",".241",".270",".323",".593",".260","-2.0","-0.3","-0.3","4906"
"Hector Gomez","Brewers","104","326","305","66","16","4","5","31","28","11","80","4","3","3",".216",".252",".344",".596",".258","-2.0","-0.7","-0.3","2264"
"Ramon Santiago","Reds","55","173","153","34","5","0","1","14","11","13","32","2","1","1",".222",".290",".275",".564",".257","0.0","-0.3","-0.3","1417"
"Ed Lucas","Marlins","104","401","372","85","11","1","4","37","25","24","99","2","2","2",".228",".278",".296",".574",".257","0.0","-0.6","-0.4","7532"
"Kaleb Cowart","Angels","140","528","484","102","22","3","7","52","46","37","148","2","11","5",".211",".268",".312",".580",".257","4.0","0.0","0.1","11494"
"Gregorio Petit","Yankees","101","379","356","81","17","1","5","37","33","16","75","2","1","2",".228",".263",".323",".586",".256","3.0","-0.7","0.3","3812"
"Pete Orr"," ","96","337","317","75","11","4","2","32","28","11","69","3","7","3",".237",".266",".315",".582",".254","2.0","0.1","-0.5","2748"
"Cody Ransom"," ","51","157","147","29","8","1","4","13","16","8","55","0","0","0",".197",".236",".347",".583",".252","-1.0","0.0","-0.4","1126"
"Paul Janish","Orioles","103","336","309","69","11","2","1","27","19","19","55","3","1","2",".223",".273",".282",".555",".248","4.0","-0.7","-0.2","7412"
"Jayson Nix","Royals","74","247","227","48","9","1","3","22","18","13","68","2","4","3",".211",".258",".300",".558",".247","0.0","-0.5","-0.6","3790"
"Nick Noonan","Giants","109","391","363","77","15","1","4","35","27","21","107","2","3","2",".212",".257",".292",".549",".242","4.0","-0.3","-0.1","6880"
"Guilder Rodriguez","Rangers","71","282","257","59","5","0","0","24","13","20","46","0","7","5",".230",".284",".249",".533",".242","0.0","-0.7","-1.0","3412"
"Dustin Coleman","Royals","117","468","428","80","18","2","8","40","37","26","186","7","8","5",".187",".244",".294",".538",".240","2.0","-0.5","-0.8","8979"
