"Name","Team","PA","AB","H","2B","3B","HR","R","RBI","BB","SO","HBP","SB","CS","-1","AVG","OBP","SLG","OPS","wOBA","-1","wRC+","BsR","Fld","-1","Off","Def","WAR","playerid"
"Edwin Encarnacion","Blue Jays","608","525","139","27","1","34","87","99","72","94","5","3","2"," ",".265",".357",".514",".871",".371"," ","136","-0.8","-0.3"," ","24.3","-16.1","3.0","2151"
"Miguel Sano","Twins","624","542","138","29","2","34","85","96","71","184","5","5","3"," ",".255",".344",".504",".848",".363"," ","131","-1.4","0.0"," ","20.7","-8.2","3.5","12164"
"Prince Fielder","Rangers","643","563","163","31","1","24","85","90","67","91","8","1","1"," ",".290",".371",".474",".846",".361"," ","124","-3.8","-0.7"," ","13.9","-17.3","1.9","4613"
"David Ortiz","Red Sox","603","525","143","32","1","27","83","92","70","101","2","1","1"," ",".272",".358",".493",".851",".358"," ","123","-5.2","-0.1"," ","10.9","-16.0","1.6","745"
"Victor Martinez","Tigers","594","536","155","29","1","18","72","79","48","61","5","1","1"," ",".290",".351",".448",".799",".340"," ","115","-5.2","-0.3"," ","4.9","-16.1","0.9","393"
"Nelson Cruz","Mariners","623","562","143","26","1","32","79","93","51","152","5","3","2"," ",".255",".321",".476",".797",".339"," ","119","-2.7","-0.7"," ","10.9","-16.3","1.6","2434"
"Chris Carter","Brewers","552","477","106","20","1","30","66","76","64","177","5","3","2"," ",".223",".318",".458",".777",".335"," ","108","-0.7","-2.0"," ","4.4","-13.3","0.9","9911"
"Kendrys Morales","Royals","626","562","152","33","1","20","73","80","51","106","6","1","1"," ",".270",".335",".440",".775",".335"," ","111","-4.3","0.0"," ","3.5","-16.9","0.8","8610"
"Albert Pujols","Angels","646","585","152","28","1","30","80","94","49","76","6","4","3"," ",".260",".321",".464",".785",".334"," ","116","-4.9","1.5"," ","7.4","-14.0","1.5","1177"
"Adam Lind","Mariners","537","476","128","25","1","17","63","68","53","95","2","1","1"," ",".269",".343",".431",".774",".333"," ","114","-1.9","0.0"," ","7.1","-10.5","1.5","8027"
"John Jaso","Pirates","491","427","111","26","1","12","60","48","52","86","5","5","3"," ",".261",".346",".410",".755",".331"," ","113","-1.4","0.8"," ","5.9","-8.9","1.3","5887"
"Evan Gattis","Astros","551","509","126","22","6","27","68","81","31","119","6","1","1"," ",".248",".296",".471",".767",".326"," ","106","-1.0","0.0"," ","2.8","-15.1","0.6","11003"
"Alex Rodriguez","Yankees","631","546","131","22","1","23","75","77","73","153","6","4","2"," ",".240",".334",".413",".747",".326"," ","104","-2.3","-0.4"," ","0.9","-15.1","0.7","1274"
"Kennys Vargas","Twins","293","264","67","12","1","11","34","38","24","71","2","1","0"," ",".256",".320",".435",".755",".326"," ","105","-0.1","0.1"," ","1.5","-7.5","0.4","12101"
"David Bergin","Rockies","1","1","0","0","0","0","0","0","0","0","0","0","0"," ",".260",".306",".450",".756",".325"," ","88","0.0","0.0"," ","0.0","0.0","0.0","sa599324"
"A.J. Reed","Astros","133","119","30","6","1","4","16","15","11","29","1","1","0"," ",".257",".325",".421",".746",".323"," ","103","0.1","0.0"," ","0.6","-2.7","0.2","sa599279"
"Josmil Pinto","Twins","33","30","8","2","0","1","4","4","3","7","0","0","0"," ",".255",".322",".416",".738",".321"," ","102","0.0","0.0"," ","0.0","-0.9","0.0","6806"
"Billy Butler","Athletics","486","434","114","23","1","12","53","56","43","82","4","1","0"," ",".263",".333",".403",".736",".321"," ","105","-4.6","0.0"," ","-1.8","-13.2","0.1","7399"
"Joey Butler","Indians","189","169","44","8","0","5","21","20","15","51","2","2","1"," ",".259",".325",".397",".722",".317"," ","100","-0.5","-0.1"," ","-0.6","-3.6","0.2","7799"
"Ryan Raburn"," ","204","182","44","10","1","7","22","24","18","48","2","1","0"," ",".243",".315",".412",".728",".315"," ","98","-0.1","-1.0"," ","-0.7","-3.4","0.3","2218"
"Josh Willingham","Royals","1","1","0","0","0","0","0","0","0","0","0","0","0"," ",".220",".324",".391",".715",".315"," ","97","0.0","0.0"," ","0.0","0.0","0.0","2103"
"Henry Urrutia","Orioles","376","348","97","17","1","9","40","40","21","72","2","3","2"," ",".278",".319",".405",".724",".315"," ","96","-0.3","-0.4"," ","-2.3","-5.1","0.5","14441"
"C.J. Cron","Angels","532","496","128","25","2","19","59","68","24","105","6","3","2"," ",".259",".298",".432",".730",".314"," ","103","-0.9","-1.5"," ","0.9","-13.7","0.5","12546"
"Dean Green","Tigers","1","1","0","0","0","0","0","0","0","0","0","0","0"," ",".268",".318",".406",".724",".314"," ","97","0.0","0.0"," ","0.0","0.0","0.0","sa526876"
"Matthew Snyder","Yankees","1","1","0","0","0","0","0","0","0","0","0","0","0"," ",".252",".303",".408",".711",".308"," ","92","0.0","0.0"," ","0.0","0.0","0.0","sa602687"
"Steven Moya","Tigers","176","166","40","7","1","8","20","24","7","51","1","2","1"," ",".243",".277",".435",".712",".305"," ","90","0.0","-0.1"," ","-1.9","-3.3","0.1","11854"
"Nolan Reimold","Orioles","391","348","84","16","1","11","43","39","35","96","3","4","2"," ",".241",".313",".384",".697",".305"," ","89","0.0","-1.8"," ","-5.1","-6.4","0.1","3441"
"Carlos Pena","Rangers","1","1","0","0","0","0","0","0","0","0","0","0","0"," ",".228",".308",".389",".696",".304"," ","85","0.0","0.0"," ","0.0","0.0","0.0","934"
"Zach Walters","Indians","130","120","29","6","1","5","14","16","7","34","1","1","1"," ",".240",".282",".428",".710",".303"," ","91","0.1","-0.3"," ","-1.3","-2.5","0.1","10622"
"David DeJesus"," ","316","281","68","14","2","6","34","29","26","55","4","3","2"," ",".243",".315",".373",".688",".303"," ","90","-0.7","0.2"," ","-4.5","-3.4","0.2","1825"
"Chance Sisco","Orioles","1","1","0","0","0","0","0","0","0","0","0","0","0"," ",".263",".318",".370",".688",".302"," ","87","0.0","0.0"," ","0.0","0.0","0.0","sa737615"
"Jimmy Van Ostrand","Nationals","1","1","0","0","0","0","0","0","0","0","0","0","0"," ",".258",".303",".389",".692",".301"," ","88","0.0","0.0"," ","0.0","0.0","0.0","sa327047"
"Jesus Aguilar","Indians","40","36","9","2","0","1","4","4","3","9","0","0","0"," ",".244",".305",".391",".696",".301"," ","89","0.0","0.1"," ","-0.5","-0.9","0.0","11342"
"Delmon Young"," ","206","193","50","9","1","5","21","23","9","40","2","1","1"," ",".261",".297",".394",".691",".300"," ","88","-0.5","-3.3"," ","-3.4","-5.7","-0.3","2140"
"Nick Swisher","Braves","297","260","58","12","1","8","29","29","32","74","2","1","0"," ",".225",".312",".363",".675",".299"," ","88","-0.8","-1.4"," ","-4.8","-7.1","-0.3","4599"
"Adam Dunn","Athletics","1","1","0","0","0","0","0","0","0","0","0","0","0"," ",".205",".306",".375",".681",".299"," ","90","0.0","0.0"," ","0.0","0.0","0.0","319"
"Chris Dickerson","Indians","1","1","0","0","0","0","0","0","0","0","0","0","0"," ",".243",".312",".366",".679",".298"," ","87","0.0","0.0"," ","0.0","0.0","0.0","7095"
"Dan Johnson","Cardinals","1","1","0","0","0","0","0","0","0","0","0","0","0"," ",".222",".309",".368",".677",".298"," ","88","0.0","0.0"," ","0.0","0.0","0.0","2167"
"Corey Hart"," ","201","185","43","8","1","7","21","24","11","53","2","2","1"," ",".234",".286",".402",".688",".297"," ","86","-0.6","-0.8"," ","-4.0","-4.9","-0.3","1945"
"Derek Gibson","Cardinals","1","1","0","0","0","0","0","0","0","0","0","0","0"," ",".262",".306",".373",".679",".296"," ","87","0.0","0.0"," ","0.0","0.0","0.0","sa830216"
"Steve Clevenger","Mariners","170","155","40","8","1","2","17","16","12","26","1","1","0"," ",".259",".314",".365",".680",".296"," ","89","-0.4","-0.3"," ","-2.6","1.2","0.4","9542"
"Mike Bianucci","Royals","1","1","0","0","0","0","0","0","0","0","0","0","0"," ",".240",".280",".402",".682",".294"," ","83","0.0","0.0"," ","0.0","0.0","0.0","sa389801"
"Richie Shaffer","Rays","62","55","12","3","0","2","7","7","5","18","1","0","0"," ",".217",".289",".388",".677",".294"," ","87","0.0","-0.1"," ","-0.9","-0.6","0.1","13271"
"Dario Pizzano","Mariners","1","1","0","0","0","0","0","0","0","0","0","0","0"," ",".247",".303",".371",".674",".294"," ","88","0.0","0.0"," ","0.0","0.0","0.0","sa658253"
"Chris Jacobs","White Sox","1","1","0","0","0","0","0","0","0","0","0","0","0"," ",".226",".295",".371",".666",".293"," ","82","0.0","0.0"," ","0.0","0.0","0.0","sa389213"
"Jayce Boyd","Mets","1","1","0","0","0","0","0","0","0","0","0","0","0"," ",".250",".305",".358",".663",".292"," ","88","0.0","0.0"," ","0.0","0.0","0.0","sa502020"
"Tucker Nathans","Orioles","1","1","0","0","0","0","0","0","0","0","0","0","0"," ",".249",".295",".374",".669",".292"," ","80","0.0","0.0"," ","0.0","0.0","0.0","sa732567"
"Alexander Burg","Rangers","1","1","0","0","0","0","0","0","0","0","0","0","0"," ",".232",".298",".363",".660",".291"," ","76","0.0","0.0"," ","0.0","0.0","0.0","sa502124"
"Charlie Cutler","Angels","1","1","0","0","0","0","0","0","0","0","0","0","0"," ",".254",".314",".343",".657",".291"," ","87","0.0","0.0"," ","0.0","0.0","0.0","sa454748"
"Brian Fletcher","White Sox","1","1","0","0","0","0","0","0","0","0","0","0","0"," ",".233",".284",".384",".668",".291"," ","80","0.0","0.0"," ","0.0","0.0","0.0","sa526538"
"Zane Chavez","Orioles","1","1","0","0","0","0","0","0","0","0","0","0","0"," ",".243",".295",".367",".663",".290"," ","79","0.0","0.0"," ","0.0","0.0","0.0","sa628321"
"Jimmy Paredes","Orioles","356","334","84","16","2","7","37","35","17","93","1","7","4"," ",".253",".289",".378",".667",".289"," ","78","0.5","-0.5"," ","-8.5","-8.8","-0.6","5481"
"Ian Gac"," ","1","1","0","0","0","0","0","0","0","0","0","0","0"," ",".230",".281",".387",".667",".289"," ","80","0.0","0.0"," ","0.0","0.0","0.0","sa244078"
"Carlos Rivero","Red Sox","1","1","0","0","0","0","0","0","0","0","0","0","0"," ",".254",".297",".366",".663",".289"," ","76","0.0","0.0"," ","0.0","0.0","0.0","1136"
"Lane Adams","Royals","1","1","0","0","0","0","0","0","0","0","0","0","0"," ",".241",".294",".364",".658",".288"," ","79","0.0","0.0"," ","0.0","0.0","0.0","10767"
"Sandy Madera"," ","1","1","0","0","0","0","0","0","0","0","0","0","0"," ",".239",".292",".369",".661",".288"," ","79","0.0","0.0"," ","0.0","0.0","0.0","sa208622"
"Brennan Boesch","Reds","1","1","0","0","0","0","0","0","0","0","0","0","0"," ",".236",".286",".384",".670",".288"," ","77","0.0","0.0"," ","0.0","0.0","0.0","914"
"Jason Giambi","Indians","1","1","0","0","0","0","0","0","0","0","0","0","0"," ",".218",".290",".368",".658",".288"," ","80","0.0","0.0"," ","0.0","0.0","0.0","818"
"M.P. Cokinos","Astros","1","1","0","0","0","0","0","0","0","0","0","0","0"," ",".250",".293",".363",".656",".287"," ","78","0.0","0.0"," ","0.0","0.0","0.0","sa658820"
"Telvin Nash","Astros","1","1","0","0","0","0","0","0","0","0","0","0","0"," ",".205",".273",".383",".656",".286"," ","78","0.0","0.0"," ","0.0","0.0","0.0","sa501240"
"Andrew Knapp","Phillies","1","1","0","0","0","0","0","0","0","0","0","0","0"," ",".235",".295",".356",".651",".286"," ","78","0.0","0.0"," ","0.0","0.0","0.0","sa550140"
"Kyeong Kang","Braves","1","1","0","0","0","0","0","0","0","0","0","0","0"," ",".234",".289",".364",".654",".286"," ","79","0.0","0.0"," ","0.0","0.0","0.0","sa327822"
"Paul Konerko","White Sox","1","1","0","0","0","0","0","0","0","0","0","0","0"," ",".236",".291",".358",".650",".286"," ","77","0.0","0.0"," ","0.0","0.0","0.0","242"
"Brian Van Kirk","Blue Jays","1","1","0","0","0","0","0","0","0","0","0","0","0"," ",".233",".296",".351",".647",".285"," ","76","0.0","0.0"," ","0.0","0.0","0.0","sa262432"
"Rock Shoulders","Rangers","1","1","0","0","0","0","0","0","0","0","0","0","0"," ",".218",".279",".376",".655",".285"," ","72","0.0","0.0"," ","0.0","0.0","0.0","sa549485"
"Chun-Hsiu Chen","Indians","1","1","0","0","0","0","0","0","0","0","0","0","0"," ",".229",".294",".355",".649",".285"," ","78","0.0","0.0"," ","0.0","0.0","0.0","sa455954"
"Seth Loman","Braves","1","1","0","0","0","0","0","0","0","0","0","0","0"," ",".226",".280",".372",".653",".285"," ","78","0.0","0.0"," ","0.0","0.0","0.0","sa326152"
"Erik Castro","Braves","1","1","0","0","0","0","0","0","0","0","0","0","0"," ",".224",".289",".358",".647",".284"," ","78","0.0","0.0"," ","0.0","0.0","0.0","sa501648"
"Matt Juengel","Marlins","1","1","0","0","0","0","0","0","0","0","0","0","0"," ",".241",".280",".373",".653",".284"," ","77","0.0","0.0"," ","0.0","0.0","0.0","sa658579"
"A.J. Kirby-Jones","Braves","1","1","0","0","0","0","0","0","0","0","0","0","0"," ",".219",".284",".363",".647",".284"," ","78","0.0","0.0"," ","0.0","0.0","0.0","sa548449"
"Brandon Bayardi","Angels","1","1","0","0","0","0","0","0","0","0","0","0","0"," ",".238",".287",".361",".648",".284"," ","82","0.0","0.0"," ","0.0","0.0","0.0","sa579127"
"Raul Ibanez","Royals","1","1","0","0","0","0","0","0","0","0","0","0","0"," ",".218",".284",".360",".644",".283"," ","75","0.0","0.0"," ","0.0","0.0","0.0","607"
"Edinson Rincon","Royals","1","1","0","0","0","0","0","0","0","0","0","0","0"," ",".246",".289",".356",".645",".283"," ","75","0.0","0.0"," ","0.0","0.0","0.0","sa397812"
"Jorge Vazquez"," ","1","1","0","0","0","0","0","0","0","0","0","0","0"," ",".233",".276",".373",".649",".282"," ","75","0.0","0.0"," ","0.0","0.0","0.0","sa491894"
"Vince Belnome","Rays","1","1","0","0","0","0","0","0","0","0","0","0","0"," ",".218",".304",".327",".631",".281"," ","78","0.0","0.0"," ","0.0","0.0","0.0","8126"
"Alejandro Segovia","Rays","1","1","0","0","0","0","0","0","0","0","0","0","0"," ",".219",".283",".353",".635",".280"," ","78","0.0","0.0"," ","0.0","0.0","0.0","sa504965"
"Chad Tracy","Royals","1","1","0","0","0","0","0","0","0","0","0","0","0"," ",".225",".277",".364",".640",".280"," ","73","0.0","0.0"," ","0.0","0.0","0.0","sa326677"
"Justin Howard","Pirates","1","1","0","0","0","0","0","0","0","0","0","0","0"," ",".233",".289",".345",".634",".279"," ","77","0.0","0.0"," ","0.0","0.0","0.0","sa549676"
"Robbie Widlansky","Angels","1","1","0","0","0","0","0","0","0","0","0","0","0"," ",".237",".293",".340",".633",".279"," ","79","0.0","0.0"," ","0.0","0.0","0.0","sa389390"
"David Chester","Red Sox","1","1","0","0","0","0","0","0","0","0","0","0","0"," ",".222",".273",".366",".639",".279"," ","69","0.0","0.0"," ","0.0","0.0","0.0","sa598680"
"Bobby Coyle","Dodgers","1","1","0","0","0","0","0","0","0","0","0","0","0"," ",".234",".273",".368",".641",".279"," ","77","0.0","0.0"," ","0.0","0.0","0.0","sa388372"
"Michael Gonzales","Twins","1","1","0","0","0","0","0","0","0","0","0","0","0"," ",".227",".280",".355",".635",".279"," ","72","0.0","0.0"," ","0.0","0.0","0.0","sa455046"
"Ryan Doumit","Braves","1","1","0","0","0","0","0","0","0","0","0","0","0"," ",".226",".278",".362",".639",".278"," ","74","0.0","0.0"," ","0.0","0.0","0.0","2113"
"Mike Ohlman","Cardinals","6","6","1","0","0","0","1","1","0","1","0","0","0"," ",".233",".293",".336",".629",".278"," ","74","0.0","0.0"," ","-0.2","0.1","0.0","sa501614"
"Clint Coulter","Brewers","1","1","0","0","0","0","0","0","0","0","0","0","0"," ",".217",".277",".356",".633",".278"," ","69","0.0","0.0"," ","0.0","0.0","0.0","sa657922"
"Ryon Healy","Athletics","1","1","0","0","0","0","0","0","0","0","0","0","0"," ",".250",".280",".357",".637",".277"," ","75","0.0","0.0"," ","0.0","0.0","0.0","sa621493"
"Blake Barber","Marlins","1","1","0","0","0","0","0","0","0","0","0","0","0"," ",".239",".276",".359",".635",".277"," ","71","0.0","0.0"," ","0.0","0.0","0.0","sa659318"
"Saul Soto"," ","1","1","0","0","0","0","0","0","0","0","0","0","0"," ",".214",".295",".324",".619",".276"," ","71","0.0","0.0"," ","0.0","0.0","0.0","sa211076"
"Tim Roberson","Red Sox","1","1","0","0","0","0","0","0","0","0","0","0","0"," ",".238",".277",".350",".627",".274"," ","65","0.0","0.0"," ","0.0","0.0","0.0","sa546786"
"Fernando Valenzuela Jr."," ","1","1","0","0","0","0","0","0","0","0","0","0","0"," ",".245",".284",".344",".627",".274"," ","70","0.0","0.0"," ","0.0","0.0","0.0","sa225728"
"Stephen Mcquail","Diamondbacks","1","1","0","0","0","0","0","0","0","0","0","0","0"," ",".219",".264",".364",".628",".273"," ","65","0.0","0.0"," ","0.0","0.0","0.0","sa549303"
"Jake Schrader","Braves","1","1","0","0","0","0","0","0","0","0","0","0","0"," ",".225",".261",".367",".629",".273"," ","70","0.0","0.0"," ","0.0","0.0","0.0","sa707778"
"Sean Buckley","Reds","1","1","0","0","0","0","0","0","0","0","0","0","0"," ",".227",".270",".352",".622",".272"," ","66","0.0","0.0"," ","0.0","0.0","0.0","sa455548"
"Ryan Mathews","Athletics","1","1","0","0","0","0","0","0","0","0","0","0","0"," ",".226",".270",".353",".623",".272"," ","71","0.0","0.0"," ","0.0","0.0","0.0","sa658637"
"Aaron Miller","Dodgers","1","1","0","0","0","0","0","0","0","0","0","0","0"," ",".215",".270",".344",".614",".269"," ","70","0.0","0.0"," ","0.0","0.0","0.0","sa327134"
"Luis Garcia"," ","1","1","0","0","0","0","0","0","0","0","0","0","0"," ",".212",".277",".330",".607",".269"," ","66","0.0","0.0"," ","0.0","0.0","0.0","sa205818"
"Jose Amador"," ","1","1","0","0","0","0","0","0","0","0","0","0","0"," ",".220",".278",".328",".606",".268"," ","66","0.0","0.0"," ","0.0","0.0","0.0","sa509117"
"Alex Monsalve","Indians","1","1","0","0","0","0","0","0","0","0","0","0","0"," ",".231",".274",".334",".608",".267"," ","66","0.0","0.0"," ","0.0","0.0","0.0","sa505988"
"Chris Wallace","Indians","1","1","0","0","0","0","0","0","0","0","0","0","0"," ",".220",".271",".336",".607",".267"," ","66","0.0","0.0"," ","0.0","0.0","0.0","sa526346"
"Mitch Garver","Twins","1","1","0","0","0","0","0","0","0","0","0","0","0"," ",".220",".285",".312",".597",".267"," ","64","0.0","0.0"," ","0.0","0.0","0.0","sa578988"
"Art Charles","Phillies","1","1","0","0","0","0","0","0","0","0","0","0","0"," ",".203",".264",".350",".614",".267"," ","64","0.0","0.0"," ","0.0","0.0","0.0","sa503326"
"Dennis Raben","Angels","1","1","0","0","0","0","0","0","0","0","0","0","0"," ",".212",".261",".350",".611",".266"," ","70","0.0","0.0"," ","0.0","0.0","0.0","sa454440"
"Julio Morban","Mariners","1","1","0","0","0","0","0","0","0","0","0","0","0"," ",".221",".273",".331",".604",".265"," ","67","0.0","0.0"," ","0.0","0.0","0.0","sa503304"
"Brett Booth","Astros","1","1","0","0","0","0","0","0","0","0","0","0","0"," ",".216",".267",".334",".601",".264"," ","63","0.0","0.0"," ","0.0","0.0","0.0","sa709013"
"Christopher Serritella","Phillies","1","1","0","0","0","0","0","0","0","0","0","0","0"," ",".215",".259",".345",".604",".264"," ","62","0.0","0.0"," ","0.0","0.0","0.0","sa599332"
"Michael Snyder","Angels","1","1","0","0","0","0","0","0","0","0","0","0","0"," ",".216",".261",".339",".601",".263"," ","68","0.0","0.0"," ","0.0","0.0","0.0","sa658566"
"Terrance Gore","Royals","7","6","1","0","0","0","1","1","0","2","0","0","0"," ",".233",".287",".300",".587",".262"," ","61","0.0","0.0"," ","-0.3","-0.1","0.0","13658"
"Edgar Quintero"," ","1","1","0","0","0","0","0","0","0","0","0","0","0"," ",".214",".270",".322",".591",".260"," ","60","0.0","0.0"," ","0.0","0.0","0.0","sa203952"
"Tyson Blaser","Yankees","1","1","0","0","0","0","0","0","0","0","0","0","0"," ",".219",".271",".316",".587",".260"," ","59","0.0","0.0"," ","0.0","0.0","0.0","sa546852"
"Guilder Rodriguez","Rangers","1","1","0","0","0","0","0","0","0","0","0","0","0"," ",".235",".293",".283",".576",".259"," ","54","0.0","0.0"," ","-0.1","0.0","0.0","3412"
"Alex Lavisky","Indians","1","1","0","0","0","0","0","0","0","0","0","0","0"," ",".215",".262",".326",".588",".259"," ","60","0.0","0.0"," ","0.0","0.0","0.0","sa548434"
"Chase Mcdonald","Astros","1","1","0","0","0","0","0","0","0","0","0","0","0"," ",".200",".253",".334",".588",".258"," ","59","0.0","0.0"," ","0.0","0.0","0.0","sa706987"
"Zane Evans","Royals","1","1","0","0","0","0","0","0","0","0","0","0","0"," ",".224",".259",".331",".590",".258"," ","58","0.0","0.0"," ","0.0","0.0","0.0","sa708968"
"Rico Noel","Yankees","1","1","0","0","0","0","0","0","0","0","0","0","0"," ",".219",".287",".285",".572",".257"," ","57","0.0","0.0"," ","0.0","0.0","0.0","10585"
"Joe Jackson","Rangers","1","1","0","0","0","0","0","0","0","0","0","0","0"," ",".222",".272",".307",".579",".257"," ","52","0.0","0.0"," ","-0.1","0.0","0.0","sa550375"
"Grant Debruin","Nationals","1","1","0","0","0","0","0","0","0","0","0","0","0"," ",".233",".269",".312",".582",".256"," ","57","0.0","0.0"," ","0.0","0.0","0.0","sa869551"
"Brett Harper"," ","1","1","0","0","0","0","0","0","0","0","0","0","0"," ",".200",".254",".331",".585",".256"," ","57","0.0","0.0"," ","-0.1","0.0","0.0","sa200434"
"Wilfredo Rodriguez","Rockies","1","1","0","0","0","0","0","0","0","0","0","0","0"," ",".234",".266",".314",".580",".255"," ","40","0.0","0.0"," ","-0.1","0.0","0.0","sa658032"
"Christian Quintero"," ","1","1","0","0","0","0","0","0","0","0","0","0","0"," ",".222",".272",".304",".575",".255"," ","56","0.0","0.0"," ","-0.1","0.0","0.0","sa208112"
"Roberto Saucedo"," ","1","1","0","0","0","0","0","0","0","0","0","0","0"," ",".203",".258",".319",".577",".254"," ","56","0.0","0.0"," ","-0.1","0.0","0.0","sa206052"
"Matthew Oberste","Mets","1","1","0","0","0","0","0","0","0","0","0","0","0"," ",".218",".256",".317",".573",".252"," ","60","0.0","0.0"," ","0.0","0.0","0.0","sa737845"
"Mickey Wiswall","Mariners","1","1","0","0","0","0","0","0","0","0","0","0","0"," ",".209",".247",".328",".575",".251"," ","58","0.0","0.0"," ","0.0","0.0","0.0","sa526505"
"Jesus Valenzuela"," ","1","1","0","0","0","0","0","0","0","0","0","0","0"," ",".206",".267",".291",".559",".250"," ","53","0.0","0.0"," ","-0.1","0.0","0.0","sa592343"
"Justin O'Conner","Rays","12","12","2","1","0","0","1","1","0","3","0","0","0"," ",".213",".243",".332",".575",".250"," ","57","0.0","0.0"," ","-0.6","0.3","0.0","sa548314"
"Roberto Mendez"," ","1","1","0","0","0","0","0","0","0","0","0","0","0"," ",".203",".271",".287",".557",".250"," ","53","0.0","0.0"," ","-0.1","0.0","0.0","sa196693"
"Nate Roberts","Twins","1","1","0","0","0","0","0","0","0","0","0","0","0"," ",".211",".264",".297",".561",".250"," ","53","0.0","0.0"," ","-0.1","0.0","0.0","sa548432"
"Rafael Devers","Red Sox","1","1","0","0","0","0","0","0","0","0","0","0","0"," ",".223",".254",".317",".570",".250"," ","49","0.0","0.0"," ","-0.1","0.0","0.0","sa828312"
"Willis Otanez"," ","1","1","0","0","0","0","0","0","0","0","0","0","0"," ",".203",".260",".304",".564",".249"," ","53","0.0","0.0"," ","-0.1","0.0","0.0","sa8218"
"Francisco Mendez"," ","1","1","0","0","0","0","0","0","0","0","0","0","0"," ",".191",".270",".284",".553",".249"," ","53","0.0","0.0"," ","-0.1","0.0","0.0","sa203683"
"L.B. Dantzler","Blue Jays","1","1","0","0","0","0","0","0","0","0","0","0","0"," ",".211",".254",".310",".564",".248"," ","51","0.0","0.0"," ","-0.1","0.0","0.0","sa738895"
"Steven Graeter","Rockies","1","1","0","0","0","0","0","0","0","0","0","0","0"," ",".225",".257",".307",".565",".248"," ","35","0.0","0.0"," ","-0.1","0.0","0.0","sa660832"
"Mike Mcquillan","Nationals","1","1","0","0","0","0","0","0","0","0","0","0","0"," ",".202",".264",".289",".553",".247"," ","51","0.0","0.0"," ","-0.1","0.0","0.0","sa658928"
"Ramon Orantes"," ","1","1","0","0","0","0","0","0","0","0","0","0","0"," ",".225",".259",".299",".557",".246"," ","50","0.0","0.0"," ","-0.1","0.0","0.0","sa185362"
"Emmanuel Valdez"," ","1","1","0","0","0","0","0","0","0","0","0","0","0"," ",".181",".254",".293",".547",".245"," ","50","0.0","0.0"," ","-0.1","0.0","0.0","sa209749"
"Cody Hawn","Brewers","1","1","0","0","0","0","0","0","0","0","0","0","0"," ",".199",".239",".317",".556",".243"," ","45","0.0","0.0"," ","-0.1","0.0","0.0","sa526271"
"Brian Ragira","Giants","1","1","0","0","0","0","0","0","0","0","0","0","0"," ",".205",".251",".299",".550",".243"," ","56","0.0","0.0"," ","-0.1","0.0","0.0","sa549827"
"Jerrick Suiter","Pirates","1","1","0","0","0","0","0","0","0","0","0","0","0"," ",".216",".263",".279",".543",".243"," ","52","0.0","0.0"," ","-0.1","0.0","0.0","sa599740"
"Robert Pehl","Royals","1","1","0","0","0","0","0","0","0","0","0","0","0"," ",".206",".256",".288",".544",".242"," ","47","0.0","0.0"," ","-0.1","0.0","0.0","sa708213"
"Rashawn Payne","Giants","1","1","0","0","0","0","0","0","0","0","0","0","0"," ",".202",".260",".279",".539",".242"," ","55","0.0","0.0"," ","-0.1","0.0","0.0","sa502425"
"Tyler O'Neill","Mariners","1","1","0","0","0","0","0","0","0","0","0","0","0"," ",".191",".234",".320",".554",".241"," ","51","0.0","0.0"," ","-0.1","0.0","0.0","sa737633"
"Abel Martinez"," ","1","1","0","0","0","0","0","0","0","0","0","0","0"," ",".211",".253",".291",".544",".241"," ","47","0.0","0.0"," ","-0.1","0.0","0.0","sa203950"
"Michael Antonio","Royals","1","1","0","0","0","0","0","0","0","0","0","0","0"," ",".206",".243",".303",".547",".241"," ","46","0.0","0.0"," ","-0.1","0.0","0.0","sa548196"
"Dan Gulbransen","Astros","1","1","0","0","0","0","0","0","0","0","0","0","0"," ",".198",".251",".291",".542",".241"," ","47","0.0","0.0"," ","-0.1","0.0","0.0","sa621622"
"Ricardo Vazquez"," ","1","1","0","0","0","0","0","0","0","0","0","0","0"," ",".202",".247",".296",".543",".240"," ","46","0.0","0.0"," ","-0.1","0.0","0.0","sa509432"
"William Carmona","Phillies","1","1","0","0","0","0","0","0","0","0","0","0","0"," ",".208",".242",".303",".545",".240"," ","46","0.0","0.0"," ","-0.1","0.0","0.0","sa621672"
"Dane Phillips","Padres","1","1","0","0","0","0","0","0","0","0","0","0","0"," ",".202",".243",".301",".544",".239"," ","51","0.0","0.0"," ","-0.1","0.0","0.0","sa503813"
"Sharnol Adriana"," ","1","1","0","0","0","0","0","0","0","0","0","0","0"," ",".199",".254",".281",".535",".239"," ","46","0.0","0.0"," ","-0.1","0.0","0.0","sa193895"
"Jin-De Jhang","Pirates","1","1","0","0","0","0","0","0","0","0","0","0","0"," ",".217",".250",".290",".540",".238"," ","49","0.0","0.0"," ","-0.1","0.0","0.0","sa653546"
"Mario Valenzuela"," ","1","1","0","0","0","0","0","0","0","0","0","0","0"," ",".201",".249",".287",".536",".238"," ","45","0.0","0.0"," ","-0.1","0.0","0.0","sa206418"
"Carlos Sievers"," ","1","1","0","0","0","0","0","0","0","0","0","0","0"," ",".199",".251",".282",".533",".237"," ","44","0.0","0.0"," ","-0.1","0.0","0.0","sa185529"
"Refugio Cervantes"," ","1","1","0","0","0","0","0","0","0","0","0","0","0"," ",".202",".240",".305",".545",".237"," ","44","0.0","0.0"," ","-0.1","0.0","0.0","sa185724"
"Conor Bierfeldt","Orioles","1","1","0","0","0","0","0","0","0","0","0","0","0"," ",".187",".238",".295",".533",".236"," ","42","0.0","0.0"," ","-0.1","0.0","0.0","sa738591"
"Sandber Pimentel","Athletics","1","1","0","0","0","0","0","0","0","0","0","0","0"," ",".193",".243",".287",".531",".236"," ","47","0.0","0.0"," ","-0.1","0.0","0.0","sa657209"
"Patrick Leyland","Mariners","1","1","0","0","0","0","0","0","0","0","0","0","0"," ",".211",".244",".290",".534",".235"," ","47","0.0","0.0"," ","-0.1","0.0","0.0","sa548548"
"Bryan Muniz","Astros","1","1","0","0","0","0","0","0","0","0","0","0","0"," ",".194",".246",".280",".526",".234"," ","42","0.0","0.0"," ","-0.1","0.0","0.0","sa829454"
"Jesus Rivera"," ","1","1","0","0","0","0","0","0","0","0","0","0","0"," ",".200",".256",".268",".525",".234"," ","42","0.0","0.0"," ","-0.1","0.0","0.0","sa205255"
"Chris Gittens","Yankees","1","1","0","0","0","0","0","0","0","0","0","0","0"," ",".194",".233",".299",".532",".233"," ","41","0.0","0.0"," ","-0.1","0.0","0.0","sa829048"
"Tim Zier","Phillies","1","1","0","0","0","0","0","0","0","0","0","0","0"," ",".211",".250",".275",".524",".233"," ","41","0.0","0.0"," ","-0.1","0.0","0.0","sa829264"
"Matt Gedman","Red Sox","1","1","0","0","0","0","0","0","0","0","0","0","0"," ",".205",".240",".288",".528",".233"," ","37","0.0","0.0"," ","-0.1","0.0","0.0","sa526187"
"James Yezzo","Nationals","1","1","0","0","0","0","0","0","0","0","0","0","0"," ",".209",".238",".290",".528",".232"," ","41","0.0","0.0"," ","-0.1","0.0","0.0","sa737918"
"Lance Durham","Tigers","1","1","0","0","0","0","0","0","0","0","0","0","0"," ",".186",".239",".284",".523",".232"," ","40","0.0","0.0"," ","-0.1","0.0","0.0","sa501737"
"Wander Franco","Royals","1","1","0","0","0","0","0","0","0","0","0","0","0"," ",".211",".240",".287",".527",".232"," ","40","0.0","0.0"," ","-0.1","0.0","0.0","sa657522"
"Kevin Patterson","Blue Jays","1","1","0","0","0","0","0","0","0","0","0","0","0"," ",".175",".226",".300",".526",".232"," ","39","0.0","0.0"," ","-0.1","0.0","0.0","sa392161"
"Zach Kapstein","Red Sox","1","1","0","0","0","0","0","0","0","0","0","0","0"," ",".199",".246",".273",".519",".232"," ","36","0.0","0.0"," ","-0.1","0.0","0.0","sa550218"
"Ryan Hutchison","Diamondbacks","1","1","0","0","0","0","0","0","0","0","0","0","0"," ",".201",".236",".287",".523",".231"," ","36","0.0","0.0"," ","-0.1","0.0","0.0","sa603116"
"Kevin Mager","Red Sox","1","1","0","0","0","0","0","0","0","0","0","0","0"," ",".193",".244",".273",".517",".230"," ","35","0.0","0.0"," ","-0.1","0.0","0.0","sa621502"
"Mark Donato","Royals","1","1","0","0","0","0","0","0","0","0","0","0","0"," ",".200",".235",".290",".526",".230"," ","39","0.0","0.0"," ","-0.1","0.0","0.0","sa658673"
"Yermin Mercedes","Orioles","1","1","0","0","0","0","0","0","0","0","0","0","0"," ",".200",".231",".292",".523",".230"," ","37","0.0","0.0"," ","-0.1","0.0","0.0","sa597096"
"Anthony Santander","Indians","1","1","0","0","0","0","0","0","0","0","0","0","0"," ",".194",".233",".288",".522",".230"," ","40","0.0","0.0"," ","-0.1","0.0","0.0","sa659463"
"Matthew Page","Nationals","1","1","0","0","0","0","0","0","0","0","0","0","0"," ",".198",".248",".264",".512",".229"," ","38","0.0","0.0"," ","-0.1","0.0","0.0","sa829167"
"Serafin Rodriguez"," ","1","1","0","0","0","0","0","0","0","0","0","0","0"," ",".206",".239",".279",".519",".229"," ","39","0.0","0.0"," ","-0.1","0.0","0.0","sa508486"
"Marcus Greene","Rangers","1","1","0","0","0","0","0","0","0","0","0","0","0"," ",".181",".245",".262",".507",".229"," ","33","0.0","0.0"," ","-0.1","0.0","0.0","sa659282"
"Drew Ferguson","Astros","1","1","0","0","0","0","0","0","0","0","0","0","0"," ",".198",".239",".275",".514",".228"," ","38","0.0","0.0"," ","-0.1","0.0","0.0","sa875766"
"Chase Simpson","Pirates","1","1","0","0","0","0","0","0","0","0","0","0","0"," ",".185",".242",".265",".506",".228"," ","42","0.0","0.0"," ","-0.1","0.0","0.0","sa829341"
"Jake Gronsky","Cardinals","1","1","0","0","0","0","0","0","0","0","0","0","0"," ",".191",".235",".277",".512",".227"," ","40","0.0","0.0"," ","-0.1","0.0","0.0","sa836176"
"Michael Soto","Athletics","1","1","0","0","0","0","0","0","0","0","0","0","0"," ",".196",".232",".282",".514",".227"," ","40","0.0","0.0"," ","-0.1","0.0","0.0","sa506042"
"Samuel Kimmel","Orioles","1","1","0","0","0","0","0","0","0","0","0","0","0"," ",".197",".236",".276",".512",".227"," ","35","0.0","0.0"," ","-0.1","0.0","0.0","sa599743"
"Dustin Demuth","Brewers","1","1","0","0","0","0","0","0","0","0","0","0","0"," ",".197",".238",".270",".508",".226"," ","34","0.0","0.0"," ","-0.1","0.0","0.0","sa709557"
"Wilson Garcia","Phillies","1","1","0","0","0","0","0","0","0","0","0","0","0"," ",".204",".236",".276",".513",".226"," ","36","0.0","0.0"," ","-0.1","0.0","0.0","sa596287"
"Carlos Lopez","Nationals","1","1","0","0","0","0","0","0","0","0","0","0","0"," ",".191",".236",".272",".508",".226"," ","36","0.0","0.0"," ","-0.1","0.0","0.0","sa658191"
"Nate Causey","Rockies","1","1","0","0","0","0","0","0","0","0","0","0","0"," ",".182",".231",".275",".506",".225"," ","20","0.0","0.0"," ","-0.1","0.0","0.0","sa602820"
"Henry Castillo","Diamondbacks","1","1","0","0","0","0","0","0","0","0","0","0","0"," ",".214",".234",".280",".514",".225"," ","32","0.0","0.0"," ","-0.1","0.0","0.0","sa736756"
"Michael Danner","White Sox","1","1","0","0","0","0","0","0","0","0","0","0","0"," ",".191",".237",".263",".500",".223"," ","33","0.0","0.0"," ","-0.1","0.0","0.0","sa829678"
"Gabriel Santana","Angels","1","1","0","0","0","0","0","0","0","0","0","0","0"," ",".195",".227",".278",".505",".222"," ","39","0.0","0.0"," ","-0.1","0.0","0.0","sa657134"
"Hamlet Marte","Rockies","1","1","0","0","0","0","0","0","0","0","0","0","0"," ",".196",".229",".274",".503",".222"," ","17","0.0","0.0"," ","-0.1","0.0","0.0","sa597218"
"Alex Real","Twins","1","1","0","0","0","0","0","0","0","0","0","0","0"," ",".197",".233",".267",".500",".222"," ","33","0.0","0.0"," ","-0.1","0.0","0.0","sa829498"
"Trevor Mitsui","Diamondbacks","1","1","0","0","0","0","0","0","0","0","0","0","0"," ",".189",".223",".278",".502",".221"," ","30","0.0","0.0"," ","-0.1","0.0","0.0","sa599004"
"Randy Reyes","Rockies","1","1","0","0","0","0","0","0","0","0","0","0","0"," ",".194",".222",".281",".504",".221"," ","17","0.0","0.0"," ","-0.1","0.0","0.0","sa696310"
"Mario Valdez"," ","1","1","0","0","0","0","0","0","0","0","0","0","0"," ",".189",".230",".269",".498",".221"," ","33","0.0","0.0"," ","-0.1","0.0","0.0","sa7982"
"Dan Collins","Pirates","1","1","0","0","0","0","0","0","0","0","0","0","0"," ",".193",".231",".267",".498",".221"," ","37","0.0","0.0"," ","-0.1","0.0","0.0","sa738271"
"Austen Smith","Marlins","1","1","0","0","0","0","0","0","0","0","0","0","0"," ",".174",".232",".258",".490",".221"," ","33","0.0","0.0"," ","-0.1","0.0","0.0","sa550329"
"Jordan Steranka","Pirates","1","1","0","0","0","0","0","0","0","0","0","0","0"," ",".204",".223",".282",".505",".221"," ","37","0.0","0.0"," ","-0.1","0.0","0.0","sa579539"
"Josh Ludy","Athletics","1","1","0","0","0","0","0","0","0","0","0","0","0"," ",".182",".230",".261",".491",".219"," ","35","0.0","0.0"," ","-0.1","0.0","0.0","sa546687"
"Daniel Sanchez"," ","1","1","0","0","0","0","0","0","0","0","0","0","0"," ",".200",".230",".266",".496",".219"," ","32","0.0","0.0"," ","-0.1","0.0","0.0","sa736483"
"Carlos Leal","Brewers","1","1","0","0","0","0","0","0","0","0","0","0","0"," ",".195",".232",".258",".491",".218"," ","28","0.0","0.0"," ","-0.1","0.0","0.0","sa658923"
"Kale Sumner","Yankees","1","1","0","0","0","0","0","0","0","0","0","0","0"," ",".171",".233",".248",".481",".218"," ","30","0.0","0.0"," ","-0.1","0.0","0.0","sa738625"
"Jeremy Sy","Giants","1","1","0","0","0","0","0","0","0","0","0","0","0"," ",".175",".229",".257",".486",".218"," ","39","0.0","0.0"," ","-0.1","0.0","0.0","sa658194"
"Jeffrey Diehl","Mets","1","1","0","0","0","0","0","0","0","0","0","0","0"," ",".182",".225",".265",".490",".218"," ","37","0.0","0.0"," ","-0.1","0.0","0.0","sa599249"
"Shedric Long","Reds","1","1","0","0","0","0","0","0","0","0","0","0","0"," ",".181",".224",".264",".488",".217"," ","29","0.0","0.0"," ","-0.1","0.0","0.0","sa738578"
"Alex Murphy","Orioles","1","1","0","0","0","0","0","0","0","0","0","0","0"," ",".186",".227",".259",".486",".216"," ","27","0.0","0.0"," ","-0.1","0.0","0.0","sa737854"
"Paul Kronenfeld","Reds","1","1","0","0","0","0","0","0","0","0","0","0","0"," ",".179",".222",".264",".485",".215"," ","27","0.0","0.0"," ","-0.1","0.0","0.0","sa829378"
"Carlos Duran","Marlins","1","1","0","0","0","0","0","0","0","0","0","0","0"," ",".193",".223",".263",".486",".214"," ","29","0.0","0.0"," ","-0.1","0.0","0.0","sa547817"
"Carlos Mesa","Red Sox","1","1","0","0","0","0","0","0","0","0","0","0","0"," ",".179",".213",".276",".488",".214"," ","24","0.0","0.0"," ","-0.1","0.0","0.0","sa598314"
"Brad Haynal","Marlins","1","1","0","0","0","0","0","0","0","0","0","0","0"," ",".184",".227",".252",".479",".214"," ","28","0.0","0.0"," ","-0.1","0.0","0.0","sa829192"
"Orlando Olivera","Cardinals","1","1","0","0","0","0","0","0","0","0","0","0","0"," ",".187",".219",".265",".483",".214"," ","30","0.0","0.0"," ","-0.1","0.0","0.0","sa876376"
"Ricky Gingras","Astros","1","1","0","0","0","0","0","0","0","0","0","0","0"," ",".182",".219",".261",".480",".213"," ","28","0.0","0.0"," ","-0.1","0.0","0.0","sa658313"
"Richard Stock","Indians","1","1","0","0","0","0","0","0","0","0","0","0","0"," ",".187",".216",".268",".484",".213"," ","28","0.0","0.0"," ","-0.1","0.0","0.0","sa503673"
"K.J. Woods","Marlins","1","1","0","0","0","0","0","0","0","0","0","0","0"," ",".174",".224",".250",".474",".212"," ","27","0.0","0.0"," ","-0.1","0.0","0.0","sa737777"
"Matt Pare","Giants","1","1","0","0","0","0","0","0","0","0","0","0","0"," ",".176",".228",".242",".470",".212"," ","35","0.0","0.0"," ","-0.1","0.0","0.0","sa707788"
"Cameron Gibson","Tigers","1","1","0","0","0","0","0","0","0","0","0","0","0"," ",".179",".211",".270",".481",".212"," ","26","0.0","0.0"," ","-0.1","0.0","0.0","sa659281"
"Jeffrey Zimmerman","Mariners","1","1","0","0","0","0","0","0","0","0","0","0","0"," ",".179",".217",".259",".475",".211"," ","30","0.0","0.0"," ","-0.1","0.0","0.0","sa738237"
"Yaisel Mederos","Orioles","1","1","0","0","0","0","0","0","0","0","0","0","0"," ",".180",".212",".265",".476",".210"," ","23","0.0","0.0"," ","-0.1","0.0","0.0","sa881866"
"Chase Vallot","Royals","1","1","0","0","0","0","0","0","0","0","0","0","0"," ",".161",".218",".247",".466",".210"," ","25","0.0","0.0"," ","-0.1","0.0","0.0","sa828684"
"Mac James","Rays","1","1","0","0","0","0","0","0","0","0","0","0","0"," ",".188",".225",".245",".470",".210"," ","29","0.0","0.0"," ","-0.1","0.0","0.0","sa829039"
"Kasey Coffman","Angels","1","1","0","0","0","0","0","0","0","0","0","0","0"," ",".182",".223",".246",".469",".210"," ","31","0.0","0.0"," ","-0.1","0.0","0.0","sa737911"
"Adam Ehrlich","Cardinals","1","1","0","0","0","0","0","0","0","0","0","0","0"," ",".179",".225",".239",".465",".209"," ","27","0.0","0.0"," ","-0.1","0.0","0.0","sa597980"
"Michael Chavis","Red Sox","1","1","0","0","0","0","0","0","0","0","0","0","0"," ",".174",".210",".264",".474",".209"," ","20","0.0","0.0"," ","-0.1","0.0","0.0","sa828673"
"Steven Mateo","Angels","1","1","0","0","0","0","0","0","0","0","0","0","0"," ",".183",".222",".245",".467",".209"," ","30","0.0","0.0"," ","-0.1","0.0","0.0","sa551247"
"Yeison Melo","Royals","1","1","0","0","0","0","0","0","0","0","0","0","0"," ",".189",".217",".253",".470",".208"," ","23","0.0","0.0"," ","-0.1","0.0","0.0","sa828150"
"Quinnton Mack","Diamondbacks","1","1","0","0","0","0","0","0","0","0","0","0","0"," ",".170",".215",".250",".465",".208"," ","20","0.0","0.0"," ","-0.1","0.0","0.0","sa876197"
"Hunter Lockwood","Rays","1","1","0","0","0","0","0","0","0","0","0","0","0"," ",".169",".204",".269",".473",".208"," ","28","0.0","0.0"," ","-0.1","0.0","0.0","sa598909"
"Brett Thomas","Mariners","1","1","0","0","0","0","0","0","0","0","0","0","0"," ",".176",".220",".241",".462",".207"," ","28","0.0","0.0"," ","-0.1","0.0","0.0","sa738695"
"Francisco Rodriguez","Blue Jays","1","1","0","0","0","0","0","0","0","0","0","0","0"," ",".166",".212",".250",".462",".206"," ","21","0.0","0.0"," ","-0.1","0.0","0.0","sa827946"
"Anderson Jimenez","Rockies","1","1","0","0","0","0","0","0","0","0","0","0","0"," ",".178",".209",".256",".465",".206"," ","6","0.0","0.0"," ","-0.1","0.0","0.0","sa828551"
"Mecky Coronado"," ","1","1","0","0","0","0","0","0","0","0","0","0","0"," ",".183",".216",".246",".462",".205"," ","22","0.0","0.0"," ","-0.1","0.0","0.0","sa828510"
"Felix Vinicio"," ","1","1","0","0","0","0","0","0","0","0","0","0","0"," ",".184",".215",".246",".461",".204"," ","22","0.0","0.0"," ","-0.1","0.0","0.0","sa828167"
"Jon Leroux","Mets","1","1","0","0","0","0","0","0","0","0","0","0","0"," ",".168",".206",".255",".461",".204"," ","27","0.0","0.0"," ","-0.1","0.0","0.0","sa658903"
"Terrell Joyce","Astros","1","1","0","0","0","0","0","0","0","0","0","0","0"," ",".163",".207",".251",".458",".204"," ","21","0.0","0.0"," ","-0.1","0.0","0.0","sa658180"
"Rauel Acosta"," ","1","1","0","0","0","0","0","0","0","0","0","0","0"," ",".178",".217",".238",".455",".204"," ","22","0.0","0.0"," ","-0.1","0.0","0.0","sa736883"
"Daniel Brito"," ","1","1","0","0","0","0","0","0","0","0","0","0","0"," ",".178",".216",".239",".455",".203"," ","21","0.0","0.0"," ","-0.1","0.0","0.0","sa872732"
"Justin Marra","Cubs","1","1","0","0","0","0","0","0","0","0","0","0","0"," ",".162",".208",".246",".455",".203"," ","21","0.0","0.0"," ","-0.1","0.0","0.0","sa599240"
"Jorge Gil"," ","1","1","0","0","0","0","0","0","0","0","0","0","0"," ",".183",".218",".235",".453",".203"," ","21","0.0","0.0"," ","-0.1","0.0","0.0","sa828248"
"Emmanuel Tapia","Indians","1","1","0","0","0","0","0","0","0","0","0","0","0"," ",".175",".209",".248",".457",".202"," ","21","0.0","0.0"," ","-0.1","0.0","0.0","sa736698"
"Corey Baptist","Tigers","1","1","0","0","0","0","0","0","0","0","0","0","0"," ",".183",".210",".245",".454",".201"," ","19","0.0","0.0"," ","-0.1","0.0","0.0","sa829232"
"Andretty Cordero"," ","1","1","0","0","0","0","0","0","0","0","0","0","0"," ",".179",".207",".246",".454",".201"," ","19","0.0","0.0"," ","-0.1","0.0","0.0","sa830037"
"Nick Ciuffo","Rays","1","1","0","0","0","0","0","0","0","0","0","0","0"," ",".188",".211",".242",".453",".200"," ","23","0.0","0.0"," ","-0.1","0.0","0.0","sa737509"
"Salvatore Giardina","Braves","1","1","0","0","0","0","0","0","0","0","0","0","0"," ",".176",".212",".237",".449",".200"," ","21","0.0","0.0"," ","-0.1","0.0","0.0","sa829575"
"Ronniel Demorizi","Blue Jays","1","1","0","0","0","0","0","0","0","0","0","0","0"," ",".167",".203",".250",".453",".200"," ","18","0.0","0.0"," ","-0.1","0.0","0.0","sa657555"
"Richi Sanchez"," ","1","1","0","0","0","0","0","0","0","0","0","0","0"," ",".174",".213",".233",".446",".200"," ","19","0.0","0.0"," ","-0.1","0.0","0.0","sa736755"
"Meibrys Viloria","Royals","1","1","0","0","0","0","0","0","0","0","0","0","0"," ",".176",".213",".233",".446",".199"," ","18","0.0","0.0"," ","-0.1","0.0","0.0","sa830182"
"Fran Whitten","Angels","1","1","0","0","0","0","0","0","0","0","0","0","0"," ",".171",".207",".239",".446",".199"," ","23","0.0","0.0"," ","-0.1","0.0","0.0","sa829776"
"Justin Chigbogu","Dodgers","1","1","0","0","0","0","0","0","0","0","0","0","0"," ",".157",".196",".253",".448",".199"," ","22","0.0","0.0"," ","-0.1","0.0","0.0","sa657993"
"Lenin Rodriguez"," ","1","1","0","0","0","0","0","0","0","0","0","0","0"," ",".174",".208",".237",".445",".198"," ","18","0.0","0.0"," ","-0.1","0.0","0.0","sa871435"
"Jose Rodriguez","Rockies","1","1","0","0","0","0","0","0","0","0","0","0","0"," ",".184",".214",".230",".443",".198"," ","1","0.0","0.0"," ","-0.1","0.0","0.0","sa737206"
"Kevin Gonzalez"," ","1","1","0","0","0","0","0","0","0","0","0","0","0"," ",".173",".209",".233",".442",".197"," ","17","0.0","0.0"," ","-0.1","0.0","0.0","sa828131"
"Chris Shaw","Giants","1","1","0","0","0","0","0","0","0","0","0","0","0"," ",".167",".199",".247",".446",".197"," ","24","0.0","0.0"," ","-0.1","0.0","0.0","sa658778"
"Tyler Williams","White Sox","1","1","0","0","0","0","0","0","0","0","0","0","0"," ",".163",".208",".232",".440",".197"," ","15","0.0","0.0"," ","-0.1","0.0","0.0","sa503531"
"Brian Ruiz","Indians","1","1","0","0","0","0","0","0","0","0","0","0","0"," ",".174",".206",".237",".443",".197"," ","17","0.0","0.0"," ","-0.1","0.0","0.0","sa600283"
"Emmanuel Morel","Twins","1","1","0","0","0","0","0","0","0","0","0","0","0"," ",".175",".217",".219",".437",".197"," ","16","0.0","0.0"," ","-0.1","0.0","0.0","sa828178"
"David Armendariz","Indians","1","1","0","0","0","0","0","0","0","0","0","0","0"," ",".168",".204",".236",".441",".196"," ","17","0.0","0.0"," ","-0.1","0.0","0.0","sa827133"
"Tucker Tubbs","Red Sox","1","1","0","0","0","0","0","0","0","0","0","0","0"," ",".170",".205",".236",".440",".196"," ","12","0.0","0.0"," ","-0.1","0.0","0.0","sa827145"
"Isaias Lucena","Red Sox","1","1","0","0","0","0","0","0","0","0","0","0","0"," ",".172",".211",".222",".434",".195"," ","11","0.0","0.0"," ","-0.1","0.0","0.0","sa736921"
"Sander Boeldak","Braves","1","1","0","0","0","0","0","0","0","0","0","0","0"," ",".173",".205",".232",".437",".195"," ","17","0.0","0.0"," ","-0.1","0.0","0.0","sa873191"
"Luis Mendez"," ","1","1","0","0","0","0","0","0","0","0","0","0","0"," ",".171",".202",".236",".438",".194"," ","15","0.0","0.0"," ","-0.1","0.0","0.0","sa828721"
"Brandon Dulin","Royals","1","1","0","0","0","0","0","0","0","0","0","0","0"," ",".170",".200",".239",".439",".194"," ","14","0.0","0.0"," ","-0.1","0.0","0.0","sa737912"
"Roberto Vahlis"," ","1","1","0","0","0","0","0","0","0","0","0","0","0"," ",".165",".207",".223",".430",".194"," ","14","0.0","0.0"," ","-0.1","0.0","0.0","sa657540"
"Ryan Krill","Yankees","1","1","0","0","0","0","0","0","0","0","0","0","0"," ",".170",".203",".232",".435",".193"," ","13","0.0","0.0"," ","-0.1","0.0","0.0","sa599530"
"Jose Rivas"," ","1","1","0","0","0","0","0","0","0","0","0","0","0"," ",".167",".204",".227",".431",".193"," ","14","0.0","0.0"," ","-0.1","0.0","0.0","sa872495"
"Patrick Mazeika","Mets","1","1","0","0","0","0","0","0","0","0","0","0","0"," ",".169",".206",".226",".432",".193"," ","20","0.0","0.0"," ","-0.1","0.0","0.0","sa827167"
"Luis Encarnacion"," ","1","1","0","0","0","0","0","0","0","0","0","0","0"," ",".168",".196",".240",".437",".193"," ","14","0.0","0.0"," ","-0.1","0.0","0.0","sa830207"
"Frank Polanco","Diamondbacks","1","1","0","0","0","0","0","0","0","0","0","0","0"," ",".166",".205",".226",".431",".193"," ","10","0.0","0.0"," ","-0.1","0.0","0.0","sa872743"
"Ian Rice","Cubs","1","1","0","0","0","0","0","0","0","0","0","0","0"," ",".164",".208",".220",".428",".193"," ","14","0.0","0.0"," ","-0.1","0.0","0.0","sa658968"
"Scott De Jong","Dodgers","1","1","0","0","0","0","0","0","0","0","0","0","0"," ",".162",".198",".235",".433",".193"," ","18","0.0","0.0"," ","-0.1","0.0","0.0","sa829608"
"Carlos Castro","Braves","1","1","0","0","0","0","0","0","0","0","0","0","0"," ",".176",".201",".234",".435",".193"," ","15","0.0","0.0"," ","-0.1","0.0","0.0","sa657241"
"Randolph Gassaway","Orioles","1","1","0","0","0","0","0","0","0","0","0","0","0"," ",".175",".204",".229",".433",".192"," ","11","0.0","0.0"," ","-0.1","0.0","0.0","sa738195"
"Sauris Mejia"," ","1","1","0","0","0","0","0","0","0","0","0","0","0"," ",".160",".204",".223",".427",".192"," ","13","0.0","0.0"," ","-0.1","0.0","0.0","sa827976"
"Dexture Mccall","Astros","1","1","0","0","0","0","0","0","0","0","0","0","0"," ",".164",".203",".225",".428",".192"," ","13","0.0","0.0"," ","-0.1","0.0","0.0","sa829535"
"Jacob Kapstein","Tigers","1","1","0","0","0","0","0","0","0","0","0","0","0"," ",".162",".206",".217",".423",".191"," ","12","0.0","0.0"," ","-0.1","0.0","0.0","sa659015"
"R.J. Dennard","Cardinals","1","1","0","0","0","0","0","0","0","0","0","0","0"," ",".162",".200",".228",".428",".191"," ","14","0.0","0.0"," ","-0.1","0.0","0.0","sa876336"
"Robert Mullen"," ","1","1","0","0","0","0","0","0","0","0","0","0","0"," ",".165",".203",".221",".424",".190"," ","12","0.0","0.0"," ","-0.1","0.0","0.0","sa737644"
"Angel Reyes","Marlins","1","1","0","0","0","0","0","0","0","0","0","0","0"," ",".165",".198",".229",".427",".190"," ","12","0.0","0.0"," ","-0.1","0.0","0.0","sa657775"
"Jhoan Herrera"," ","1","1","0","0","0","0","0","0","0","0","0","0","0"," ",".167",".199",".226",".425",".189"," ","12","0.0","0.0"," ","-0.1","0.0","0.0","sa736902"
"Jose Marquez","Royals","1","1","0","0","0","0","0","0","0","0","0","0","0"," ",".177",".205",".220",".424",".189"," ","11","0.0","0.0"," ","-0.1","0.0","0.0","sa873155"
"Rene Pinto","Rays","1","1","0","0","0","0","0","0","0","0","0","0","0"," ",".168",".201",".224",".424",".189"," ","15","0.0","0.0"," ","-0.1","0.0","0.0","sa826668"
"Emmanuel Moreta","Blue Jays","1","1","0","0","0","0","0","0","0","0","0","0","0"," ",".163",".194",".233",".426",".189"," ","10","0.0","0.0"," ","-0.1","0.0","0.0","sa827945"
"Andres Sthormes"," ","1","1","0","0","0","0","0","0","0","0","0","0","0"," ",".169",".199",".223",".422",".188"," ","11","0.0","0.0"," ","-0.1","0.0","0.0","sa736554"
"Malik Collymore","Brewers","1","1","0","0","0","0","0","0","0","0","0","0","0"," ",".169",".202",".216",".418",".187"," ","7","0.0","0.0"," ","-0.1","0.0","0.0","sa737908"
"Jose Maria","Mets","1","1","0","0","0","0","0","0","0","0","0","0","0"," ",".159",".192",".228",".420",".187"," ","15","0.0","0.0"," ","-0.1","0.0","0.0","sa657681"
"Fidel Matos"," ","1","1","0","0","0","0","0","0","0","0","0","0","0"," ",".160",".195",".223",".418",".187"," ","10","0.0","0.0"," ","-0.1","0.0","0.0","sa827245"
"Cristhian Vasquez","Royals","1","1","0","0","0","0","0","0","0","0","0","0","0"," ",".157",".197",".218",".415",".186"," ","9","0.0","0.0"," ","-0.1","0.0","0.0","sa837638"
"Jonathan Martijn","Reds","1","1","0","0","0","0","0","0","0","0","0","0","0"," ",".163",".193",".226",".419",".186"," ","7","0.0","0.0"," ","-0.1","0.0","0.0","sa739707"
"Pablo Urena"," ","1","1","0","0","0","0","0","0","0","0","0","0","0"," ",".162",".190",".229",".419",".186"," ","9","0.0","0.0"," ","-0.1","0.0","0.0","sa657505"
"Domingo Martinez","Mets","1","1","0","0","0","0","0","0","0","0","0","0","0"," ",".166",".193",".226",".419",".186"," ","15","0.0","0.0"," ","-0.1","0.0","0.0","sa872570"
"Ryan Hissey","Blue Jays","1","1","0","0","0","0","0","0","0","0","0","0","0"," ",".160",".198",".214",".412",".185"," ","7","0.0","0.0"," ","-0.1","0.0","0.0","sa857726"
"Gregori Rivero","Phillies","1","1","0","0","0","0","0","0","0","0","0","0","0"," ",".163",".189",".227",".416",".185"," ","8","0.0","0.0"," ","-0.1","0.0","0.0","sa735842"
"Kolbey Carpenter","Astros","1","1","0","0","0","0","0","0","0","0","0","0","0"," ",".168",".197",".214",".411",".184"," ","8","0.0","0.0"," ","-0.1","0.0","0.0","sa876101"
"John Riley","Giants","1","1","0","0","0","0","0","0","0","0","0","0","0"," ",".149",".199",".202",".401",".183"," ","14","0.0","0.0"," ","-0.1","0.0","0.0","sa738650"
"Bryan De La Rosa","Braves","1","1","0","0","0","0","0","0","0","0","0","0","0"," ",".153",".195",".209",".404",".183"," ","8","0.0","0.0"," ","-0.1","0.0","0.0","sa657964"
"Luke Lowery","Diamondbacks","1","1","0","0","0","0","0","0","0","0","0","0","0"," ",".155",".191",".214",".405",".181"," ","2","0.0","0.0"," ","-0.1","0.0","0.0","sa857722"
"Juan Rodriguez","Rays","1","1","0","0","0","0","0","0","0","0","0","0","0"," ",".151",".190",".214",".404",".181"," ","10","0.0","0.0"," ","-0.1","0.0","0.0","sa828185"
"Elier Rodriguez","Cardinals","1","1","0","0","0","0","0","0","0","0","0","0","0"," ",".159",".197",".205",".402",".181"," ","8","0.0","0.0"," ","-0.1","0.0","0.0","sa738889"
"Juan Carlos Arias","Rays","1","1","0","0","0","0","0","0","0","0","0","0","0"," ",".154",".186",".222",".408",".181"," ","9","0.0","0.0"," ","-0.1","0.0","0.0","sa828184"
"Seongmin Kim","Athletics","1","1","0","0","0","0","0","0","0","0","0","0","0"," ",".152",".189",".215",".404",".181"," ","9","0.0","0.0"," ","-0.1","0.0","0.0","sa659908"
"Todd Mcdonald","Rangers","1","1","0","0","0","0","0","0","0","0","0","0","0"," ",".158",".188",".218",".406",".181"," ","0","0.0","0.0"," ","-0.1","0.0","0.0","sa737651"
"Rafael Toribio"," ","1","1","0","0","0","0","0","0","0","0","0","0","0"," ",".160",".190",".216",".406",".181"," ","6","0.0","0.0"," ","-0.1","0.0","0.0","sa828315"
"Dante Flores","White Sox","1","1","0","0","0","0","0","0","0","0","0","0","0"," ",".160",".192",".212",".404",".181"," ","4","0.0","0.0"," ","-0.1","0.0","0.0","sa602597"
"Ylexander Villarroel","White Sox","1","1","0","0","0","0","0","0","0","0","0","0","0"," ",".157",".186",".219",".405",".180"," ","4","0.0","0.0"," ","-0.1","0.0","0.0","sa828397"
"Angel Adames"," ","1","1","0","0","0","0","0","0","0","0","0","0","0"," ",".162",".193",".210",".404",".180"," ","5","0.0","0.0"," ","-0.1","0.0","0.0","sa828893"
"Roni Tapia","Twins","1","1","0","0","0","0","0","0","0","0","0","0","0"," ",".161",".189",".215",".404",".180"," ","4","0.0","0.0"," ","-0.1","0.0","0.0","sa828419"
"Orlando Marquez","Astros","1","1","0","0","0","0","0","0","0","0","0","0","0"," ",".148",".191",".206",".397",".179"," ","4","0.0","0.0"," ","-0.1","0.0","0.0","sa831745"
"Yensys Capellan","Dodgers","1","1","0","0","0","0","0","0","0","0","0","0","0"," ",".155",".188",".213",".401",".179"," ","9","0.0","0.0"," ","-0.1","0.0","0.0","sa659669"
"Austin Afenir"," ","1","1","0","0","0","0","0","0","0","0","0","0","0"," ",".158",".193",".205",".398",".179"," ","4","0.0","0.0"," ","-0.1","0.0","0.0","sa858021"
"Hendrik Clementina","Dodgers","1","1","0","0","0","0","0","0","0","0","0","0","0"," ",".159",".188",".214",".401",".179"," ","9","0.0","0.0"," ","-0.1","0.0","0.0","sa828422"
"Victor Medina"," ","1","1","0","0","0","0","0","0","0","0","0","0","0"," ",".158",".184",".219",".403",".179"," ","4","0.0","0.0"," ","-0.1","0.0","0.0","sa657828"
"Leudy Molina"," ","1","1","0","0","0","0","0","0","0","0","0","0","0"," ",".155",".189",".209",".398",".178"," ","4","0.0","0.0"," ","-0.1","0.0","0.0","sa659349"
"Johnny Sims"," ","1","1","0","0","0","0","0","0","0","0","0","0","0"," ",".146",".184",".213",".397",".178"," ","4","0.0","0.0"," ","-0.1","0.0","0.0","sa872533"
"Luis Chaves"," ","1","1","0","0","0","0","0","0","0","0","0","0","0"," ",".150",".182",".217",".399",".178"," ","4","0.0","0.0"," ","-0.1","0.0","0.0","sa737257"
"Kevin Martinez","Brewers","1","1","0","0","0","0","0","0","0","0","0","0","0"," ",".155",".192",".202",".394",".178"," ","0","0.0","0.0"," ","-0.1","0.0","0.0","sa657818"
"Alejandro Flores","Braves","1","1","0","0","0","0","0","0","0","0","0","0","0"," ",".149",".187",".205",".392",".177"," ","4","0.0","0.0"," ","-0.1","0.0","0.0","sa736822"
"Felix Suarez"," ","1","1","0","0","0","0","0","0","0","0","0","0","0"," ",".153",".186",".207",".393",".176"," ","2","0.0","0.0"," ","-0.1","0.0","0.0","sa828274"
"Joshua Franco","Mariners","1","1","0","0","0","0","0","0","0","0","0","0","0"," ",".153",".182",".212",".394",".176"," ","6","0.0","0.0"," ","-0.1","0.0","0.0","sa657550"
"Alexander Alvarez","Rays","1","1","0","0","0","0","0","0","0","0","0","0","0"," ",".152",".186",".201",".388",".173"," ","4","0.0","0.0"," ","-0.1","0.0","0.0","sa826656"
"Hector Linares","Cardinals","1","1","0","0","0","0","0","0","0","0","0","0","0"," ",".157",".184",".194",".379",".170"," ","0","0.0","0.0"," ","-0.1","0.0","0.0","sa740416"
"Brandon Brosher","Mets","1","1","0","0","0","0","0","0","0","0","0","0","0"," ",".130",".180",".190",".371",".170"," ","4","0.0","0.0"," ","-0.1","0.0","0.0","sa738646"
"Hersin Martinez","Mariners","1","1","0","0","0","0","0","0","0","0","0","0","0"," ",".142",".175",".199",".374",".168"," ","1","0.0","0.0"," ","-0.1","0.0","0.0","sa657539"
"Santiago Rincon","Rays","1","1","0","0","0","0","0","0","0","0","0","0","0"," ",".139",".173",".195",".367",".165"," ","-2","0.0","0.0"," ","-0.1","0.0","0.0","sa826657"
"Jesus Perez"," ","1","1","0","0","0","0","0","0","0","0","0","0","0"," ",".132",".173",".191",".364",".165"," ","-5","0.0","0.0"," ","-0.1","0.0","0.0","sa829918"
"Ruben Perez","Braves","1","1","0","0","0","0","0","0","0","0","0","0","0"," ",".143",".176",".190",".366",".164"," ","-4","0.0","0.0"," ","-0.1","0.0","0.0","sa828864"
"Felix Lucas","Astros","1","1","0","0","0","0","0","0","0","0","0","0","0"," ",".131",".166",".200",".366",".164"," ","-6","0.0","0.0"," ","-0.1","0.0","0.0","sa828123"
"Nic Wilson","Rays","1","1","0","0","0","0","0","0","0","0","0","0","0"," ",".135",".167",".193",".360",".162"," ","-4","0.0","0.0"," ","-0.1","0.0","0.0","sa829532"
"Hansel Moreno","Mets","1","1","0","0","0","0","0","0","0","0","0","0","0"," ",".141",".178",".177",".355",".161"," ","-2","0.0","0.0"," ","-0.1","0.0","0.0","sa833676"
